he,he_short,avia,bio,vet,war,geo,design,journ,engin,it,art,hist,forest,lingo,math,med,int_com,music,teach,psy,com,agri,ss,theo,techn,technl,turism,physics,phys_cult,chem,econ,law,dormitory,region
Барановичский государственный университет,БарГУ,0,0,0,0,0,0,0,1,0,0,0,0,1,0,0,0,0,1,1,0,0,0,0,0,0,0,0,0,0,1,1,1,Брестская
Барановичский государственный университет,БарГУ,,,,,,,,,,,,,1,,,,,1,,,,,,,,,,,,,,1,Брестская
Барановичский государственный университет,БарГУ,,,,,,,,,,,,,,,,,,,,,,,,,,,,,,1,,2,Бресткая
Барановичский государственный университет,БарГУ,,,,,,,,1,,,,,,,,,,,,,,,,1,1,,,,,,,1,
Барановичский государственный университет,БарГУ,,,,,,,,,,,,,,,,,,,,,,,,,,,,,,1,1,,Бресткая
Барановичский государственный университет,БарГУ,,,,,,,,1,,,,,,,,,,1,,,,,,,,,1,,,1,,1,
Барановичский государственный университет,БарГУ,,,,,,,,,,,,,,,,,,1,1,,,,,,,,,,,,,2,Бресткая
Барановичский государственный университет,БарГУ,,,,,,,,,,,,,,,,,,1,,,,,,,,,,,,1,,1,Бресткая
Барановичский государственный университет,БарГУ,,,,,,,,,,,,,,,,,,,1,,,,,,,,,,,,1,2,Бресткая
Барановичский государственный университет,БарГУ,,,,,,,,,,,,,1,,,,,1,,,,,,,,,,,,,1,2,Бресткая
Брестский государственный технический университет,БрГТУ,0,0,0,0,0,0,0,1,0,0,0,0,0,0,0,0,0,0,0,0,0,0,0,0,0,0,0,0,0,1,0,1,Брестская
Брестский государственный технический университет,БрГТУ,,,,,,,,,,,,,,,,,,,,,,,,,,,,,,1,,2,Бресткая
Брестский государственный технический университет,БрГТУ,,,,,,,,1,,,,,,,,,,,,,,,,,,,,,,1,,,Бресткая
Брестский государственный технический университет,БрГТУ,,,,,,,,1,1,,,,,,,,,,,,,,,,,,,,,1,,1,
Брестский государственный технический университет,БрГТУ,,,,,,,,1,,,,,,,,,,,,,,,,,,,,,,,,2,Бресткая
Брестский государственный университет имени А.С.Пушкина,БГУ им.Пушкина,0,1,0,0,1,0,0,0,0,0,1,0,1,1,0,0,0,1,1,0,0,0,0,0,0,0,1,1,0,0,1,1,Брестская
Брестский государственный университет имени А.С.Пушкина,БГУ им.Пушкина,,,,,,,,,,,,,,,,,,,,,,,,,,,,1,,,,2,Бресткая
Брестский государственный университет имени А.С.Пушкина,БГУ им.Пушкина,,,,,,,,,,,,,,1,,,,1,,,,,,1,,,1,,,,,1,
Брестский государственный университет имени А.С.Пушкина,БГУ им.Пушкина,,,,,,,,,,,,,,,,,,,,,,,,,,,,,,,1,1,Бресткая
Брестский государственный университет имени А.С.Пушкина,БГУ им.Пушкина,,1,,,1,,,,,,,,,,,,,,,,,,,,,,,,,,,1,
Брестский государственный университет имени А.С.Пушкина,БГУ им.Пушкина,,1,,,,,,,,,,,,,,,,1,1,,,,,,,,,,,,,2,Бресткая
Брестский государственный университет имени А.С.Пушкина,БГУ им.Пушкина,,,,,,,,,,,,,,,,,,,,,,,,,,,1,,,,,,Бресткая
Брестский государственный университет имени А.С.Пушкина,БГУ им.Пушкина,,,,,1,,,,,,,,,,,,,,,,,,,,,,,,,,,2,Бресткая
Брестский государственный университет имени А.С.Пушкина,БГУ им.Пушкина,,,,,,,,,,,1,,1,,,,,1,,,,,,,,,,,,,,1,
Брестский государственный университет имени А.С.Пушкина,БГУ им.Пушкина,,,,,,,,,,,1,,,,,,,1,,,,,,,,,,,,,,2,Бресткая
Полесский государственный университет,ПГУ,0,1,0,0,0,0,0,1,0,0,0,0,0,0,0,0,0,0,0,0,0,0,0,0,0,0,0,1,0,1,0,2,Брестская
Полесский государственный университет,ПГУ,,1,,,,,,,,,,,,,,,,,,,,,,,,,,,,,,2,
Полесский государственный университет,ПГУ,,,,,,,,,,,,,,,,,,,,,,,,,,,,1,,,,2,Бресткая
Полесский государственный университет,ПГУ,,,,,,,,1,,,,,,,,,,,,,,,,,,,,,,,,2,
Полесский государственный университет,ПГУ,,,,,,,,,,,,,,,,,,,,,,,,,,,,,,1,,2,Бресткая
Полесский государственный университет,ПГУ,,,,,,,,1,,,,,,,,,,,,,,,,,,,,,,1,,,Бресткая
Полесский государственный университет,ПГУ,,1,,,,,,,,,,,,,,,,,,,,,,,,,,1,,,,,Бресткая
Витебская ордена «Знак Почёта» государственная академия ветеринарной медицины,ВАВМ,0,0,1,0,0,0,0,0,0,0,0,0,0,0,0,0,0,0,0,0,0,0,0,0,0,0,0,0,0,0,0,1,Витебская
Витебская ордена «Знак Почёта» государственная академия ветеринарной медицины,ВАВМ,,,1,,,,,,,,,,,,,,,,,,,,,,,,,,,,,2,
Витебская ордена «Знак Почёта» государственная академия ветеринарной медицины,ВАВМ,,1,1,,,,,,,,,,,,,,,,,,,,,,,,,,,,,1,
Витебская ордена «Знак Почёта» государственная академия ветеринарной медицины,ВАВМ,,,1,,,,,,,,,,,,1,,,,,,,,,,,,,,,,,2,Витебская
Витебский государственный ордена Дружбы народов медицинский университет,ВГМУ,0,0,0,0,0,0,0,0,0,0,0,0,0,0,1,0,0,0,0,0,0,0,0,0,0,0,0,0,0,0,0,1,Витебская
Витебский государственный ордена Дружбы народов медицинский университет,ВГМУ,,1,,,,,,,,,,,,,1,,,,,,,,,,,,,,,,,2,Витебская
Витебский государственный ордена Дружбы народов медицинский университет,ВГМУ,,,,,,,,,,,,,,,1,,,,,,,,,,,,,,,,,1,Витебская
Витебский государственный ордена Дружбы народов медицинский университет,ВГМУ,,,,,,,,,,,,,,,1,,,1,,,,,,,,,,,,,,2,
Витебский государственный ордена Дружбы народов медицинский университет,ВГМУ,,1,,,,,,,,,,,,,1,,,,,,,,,,,,,,,,,,Витебская
Витебский государственный технологический университет,ВГТУ,0,0,0,0,0,1,0,0,0,0,0,0,0,0,0,0,0,0,0,0,0,0,0,0,1,0,0,0,0,1,0,1,Витебская
Витебский государственный технологический университет,ВГТУ,,,,,,1,,,,,,,,,,,,,,,,,,,1,,,,,,,,Витебская
Витебский государственный технологический университет,ВГТУ,,,,,,1,,,1,,,,,,,,,,,,,,,,,,,,,,,2,
Витебский государственный технологический университет,ВГТУ,,,,,,1,,,,,,,,,,,,,,,,,,,,,,,,1,,,Витебская
Витебский государственный технологический университет,ВГТУ,,,,,,,,,1,,,,,,,,,,,,,,,,,,,,,1,,1,Витебская
Витебский государственный технологический университет,ВГТУ,,,,,,,,,,,,,,,,,,,,,,,,,1,,,,,,,2,Витебская
Витебский государственный технологический университет,ВГТУ,,,,,,,,,,,,,,,,,,,,,,,,,1,,1,,,,,1,Витебская
Витебский государственный технологический университет,ВГТУ,,,,,,1,,,,,,,,,,,,,,,,,,,,,,,,1,,2,
Витебский государственный технологический университет,ВГТУ,,,,,,,,,,,,,,,,,,,,,,,,,,,,,,1,,2,Витебская
Витебский государственный университет имени П. М. Машерова,ВГУ им.Машерова,0,1,0,0,0,1,0,0,1,0,0,0,1,1,0,0,0,1,0,0,0,0,0,0,0,0,0,0,1,0,1,1,Витебская
Витебский государственный университет имени П. М. Машерова,ВГУ им.Машерова,,1,,,,,,,,,,,,,,,,1,,,,,,,,,,,1,,,1,
Витебский государственный университет имени П. М. Машерова,ВГУ им.Машерова,,,,,,1,,,1,,,,,1,,,,,,,,,,,,,,,,,,2,Витебская
Витебский государственный университет имени П. М. Машерова,ВГУ им.Машерова,,,,,,,,,,,,,,,,,,1,,,,,,,,,,,1,,,,Витебская
Витебский государственный университет имени П. М. Машерова,ВГУ им.Машерова,,1,,,,,,,,,,,,,,,,,,,,,,,,,,,1,,,2,
Витебский государственный университет имени П. М. Машерова,ВГУ им.Машерова,,,,,,1,,,,,,,1,,,,,1,,,,,,,,,,,,,,1,Витебская
Витебский государственный университет имени П. М. Машерова,ВГУ им.Машерова,,,,,,,,,1,,,,,1,,,,1,,,,,,,,,,,,,,1,
Витебский государственный университет имени П. М. Машерова,ВГУ им.Машерова,,,,,,,,,1,,,,,,,,,,,,,,,,,,,,,1,,2,Витебская
Витебский государственный университет имени П. М. Машерова,ВГУ им.Машерова,,,,,,,,,,,,,,,,,,1,,,,,,,,,,,,,1,1,Витебская
"Витебский филиал Международного университета ""МИТСО""",Витебский МИТСО,0,0,0,0,0,0,0,0,0,0,0,0,1,0,0,0,0,0,0,0,0,0,0,0,0,0,0,0,0,1,1,0,Витебская
"Витебский филиал Международного университета ""МИТСО""",Витебский МИТСО,,,,,,,,,,,,,,,,,,,,,,,,,,,,,,1,,,Витебская
"Витебский филиал Международного университета ""МИТСО""",Витебский МИТСО,,,,,,1,,,,,,,,,,,,,,,,,,,,,,,,,,2,Витебская
"Витебский филиал Международного университета ""МИТСО""",Витебский МИТСО,,,,,,,,,1,,,,,,,,,,,,,,,,,,,,,1,,,Витебская
"Витебский филиал Международного университета ""МИТСО""",Витебский МИТСО,,,,,,,,,,,,,,,,,,,,,,,,,,,,,,1,1,,Витебская
Полоцкий государственный университет имени Евфросинии Полоцкой,ПГУ им.Е.Полоцкой,0,0,0,0,0,1,0,1,1,0,1,0,1,0,0,0,0,1,0,0,0,1,0,0,1,0,0,0,0,1,1,1,Витебская
Полоцкий государственный университет имени Евфросинии Полоцкой,ПГУ им.Е.Полоцкой,,,,,,1,,,1,,,,,,,,,,,,,1,,,,,,,,,,2,Витебская
Полоцкий государственный университет имени Евфросинии Полоцкой,ПГУ им.Е.Полоцкой,,,,,,1,,,,,,,1,,,,,1,,,,,,,,,,,,,,,Витебская
Полоцкий государственный университет имени Евфросинии Полоцкой,ПГУ им.Е.Полоцкой,,,,,,,,,1,,,,,1,,,,,,,,,,,1,,,,,1,,2,
Полоцкий государственный университет имени Евфросинии Полоцкой,ПГУ им.Е.Полоцкой,,,,,,,,1,1,,,,,1,,,,,,,,,,,1,,,,,,,1,
Полоцкий государственный университет имени Евфросинии Полоцкой,ПГУ им.Е.Полоцкой,,,,,,,,,,,,,1,,,,,1,,,,1,,,,,,,,,,2,Витебская
Полоцкий государственный университет имени Евфросинии Полоцкой,ПГУ им.Е.Полоцкой,,,,,,1,1,,,,,,1,,,,,,,,,1,,,,,,,,,,1,Витебская
Полоцкий государственный университет имени Евфросинии Полоцкой,ПГУ им.Е.Полоцкой,,,,,,,,,,,,,,,,,,1,1,,,,,,,,,,,,1,1,
Полоцкий государственный университет имени Евфросинии Полоцкой,ПГУ им.Е.Полоцкой,,,,,,,,,,,1,,,,,,,1,,,,,,,,,,,,,,,Витебская
Полоцкий государственный университет имени Евфросинии Полоцкой,ПГУ им.Е.Полоцкой,,,,,,,,,,,1,,,,,,,1,,,,,,,,,,,,,,2,Витебская
Полоцкий государственный университет имени Евфросинии Полоцкой,ПГУ им.Е.Полоцкой,,,,,,,,1,,,,,,1,,,,,,,,,,,,,,,,1,,1,Витебская
Полоцкий государственный университет имени Евфросинии Полоцкой,ПГУ им.Е.Полоцкой,,,,,,,,,,,,,,,,,,1,,,,1,,,,,,,,,1,2,Витебская
Белорусский государственный университет транспорта,БГУТ,0,0,0,1,0,0,0,0,0,0,0,0,0,0,0,0,0,0,0,0,0,0,0,1,0,0,0,0,0,1,0,1,Гомельская
Белорусский государственный университет транспорта,БГУТ,,,,1,,,,,,,,,,,,,,,,,,,,1,,,,,,,,2,Гомельская
Белорусский государственный университет транспорта,БГУТ,,,,1,,,,,,,,,,,,,,,,,,,,,,,,,,,,1,
Белорусский государственный университет транспорта,БГУТ,,,,,,,,,,,,,,,,,,,,,,,,1,,,,,,1,,2,Гомельская
Белорусский государственный университет транспорта,БГУТ,,,,,,,,,,,,,,,,,,,,,,,,1,,,,,,,,,Гомельская
Белорусский государственный университет транспорта,БГУТ,,,,,,,,,,,,,,,,,,,,,,,,1,,,,,,1,,1,
Белорусский торгово-экономический университет потребительской кооперации,БГТЭУПК,0,0,0,0,0,0,0,0,0,0,0,0,0,0,0,0,0,0,0,0,0,0,0,0,0,0,0,0,0,1,0,2,Гомельская
Белорусский торгово-экономический университет потребительской кооперации,БГТЭУПК,,,,,,,,,,,,,,,,,,,,,,1,,,,,,,,1,,,Гомельская
Белорусский торгово-экономический университет потребительской кооперации,БГТЭУПК,,,,,,,,,,,,,,1,,,,,,,,,,,,,,,,1,,2,
Белорусский торгово-экономический университет потребительской кооперации,БГТЭУПК,,,,,,,,,,,,,,,,,,1,,,,,,,,,,,,1,,2,
Белорусский торгово-экономический университет потребительской кооперации,БГТЭУПК,,,,,,,,,,,,,,,,,,,,,,,,,,,,,,1,,1,Гомельская
Белорусский торгово-экономический университет потребительской кооперации,БГТЭУПК,,,,,,,,,,,,,,,,,,,,,,,,,,,,,,1,,2,Гомельская
Гомельский государственный медицинский университет,ГГМУ,0,0,0,0,0,0,0,0,0,0,0,0,0,0,1,0,0,0,0,0,0,0,0,0,0,0,0,0,0,0,0,1,Гомельская
Гомельский государственный медицинский университет,ГГМУ,,1,,,,,,,,,,,,,1,,,,,,,,,,,,,,,,,2,Гомельская
Гомельский государственный медицинский университет,ГГМУ,,,,,,,,,,,,,,,1,,,,,,,,,,,,,,1,,,1,Гомельская
Гомельский государственный медицинский университет,ГГМУ,,,,,,,,,,,,,,,1,,,,,,,,,,,,,,,,,1,
Гомельский государственный медицинский университет,ГГМУ,,,,,,,,,,,,,,,1,,,,,,,,,,,,,,,,,,Гомельская
Гомельский государственный технический университет им. П.О. Сухого,ГГТУ им.Сухого,0,0,0,0,0,0,0,0,1,0,0,0,0,0,0,0,0,0,0,0,0,0,0,0,1,0,0,0,0,1,0,1,Гомельская
Гомельский государственный технический университет им. П.О. Сухого,ГГТУ им.Сухого,,,,,,,,,,,,,,,,,,,,,,,,,1,,,,,1,,2,Гомельская
Гомельский государственный технический университет им. П.О. Сухого,ГГТУ им.Сухого,,,,,,,,,,,,,,,,,,,,,,,,,1,,,,,,,1,Гомельская
Гомельский государственный технический университет им. П.О. Сухого,ГГТУ им.Сухого,,,,,,,,,,,,,,,,,,,,,,,,,,,,,,1,,1,
Гомельский государственный технический университет им. П.О. Сухого,ГГТУ им.Сухого,,,,,,,,,1,,,,,,,,,,,,,,,,1,,,,,,,2,Гомельская
Гомельский государственный технический университет им. П.О. Сухого,ГГТУ им.Сухого,,,,,,,,,,,,,,,,,,,,,,,,,,,,,,,,1,Гомельская
Гомельский государственный технический университет им. П.О. Сухого,ГГТУ им.Сухого,,,,,,,,,1,,,,,,,,,,,,,,,,,,,,,1,,2,
Гомельский государственный университет им. Франциска Скорины,ГГУ им.Скорины,0,1,0,0,1,0,0,0,1,0,1,0,1,0,0,0,0,1,1,0,0,0,0,0,0,0,1,1,0,1,1,2,Гомельская
Гомельский государственный университет им. Франциска Скорины,ГГУ им.Скорины,,,,,1,,,,,,,,,,,,,1,,,,,,,,,,,,,,,Гомельская
Гомельский государственный университет им. Франциска Скорины,ГГУ им.Скорины,,,,,,,,,,,,,,,,,,1,1,,,,,,1,,1,,,,,2,Гомельская
Гомельский государственный университет им. Франциска Скорины,ГГУ им.Скорины,,,,,,,,,1,,,,,,,,,,,,,,,1,,,1,,,,,2,
Гомельский государственный университет им. Франциска Скорины,ГГУ им.Скорины,,1,,,,,,,,,,,,,1,,,,,,,,,,,,,,,,,2,
Гомельский государственный университет им. Франциска Скорины,ГГУ им.Скорины,,,,,,,,,,,,,,,,,,,1,,,,,,,,,,,1,,1,Гомельская
Гомельский государственный университет им. Франциска Скорины,ГГУ им.Скорины,,,,,,,,,,,1,,,,,,,1,,,,,,,,,,,,,,,Гомельская
Гомельский государственный университет им. Франциска Скорины,ГГУ им.Скорины,,,,,,,,,,,,,1,,,,,1,,,,1,,,,,,,,,,2,Гомельская
Гомельский государственный университет им. Франциска Скорины,ГГУ им.Скорины,,1,,,,,,,,,,,,,,,,,,,,,,,,,,1,,,,2,
"Гомельский филиал Международного университета ""МИТСО""",Гомельский МИТСО,0,0,0,0,0,0,0,0,0,0,0,0,0,0,0,0,0,0,0,0,0,0,0,0,0,0,0,0,0,1,1,0,Гомельская
"Гомельский филиал Международного университета ""МИТСО""",Гомельский МИТСО,,,,,,,,,1,,,,,,,,,,,,,,,,,,,,,1,,1,Гомельская
"Гомельский филиал Международного университета ""МИТСО""",Гомельский МИТСО,,,,,,,,,,,,,,,,,,,,,,,,,,,,,,1,,,Гомельская
"Гомельский филиал Международного университета ""МИТСО""",Гомельский МИТСО,,,,,,,,,,,,,,,,,,,,,,,,,,,,,,,1,,Гомельская
Мозырский государственный педагогический университет имени И.П. Шамякина,МГПУ им.Шамякина,0,1,0,0,0,0,0,1,0,0,0,0,1,0,0,0,0,1,0,0,0,0,0,0,0,0,0,1,0,0,0,2,Гомельская
Мозырский государственный педагогический университет имени И.П. Шамякина,МГПУ им.Шамякина,,,,,,,,,,,,,1,,,,,1,,,,,,,,,,,,,,,Гомельская
Мозырский государственный педагогический университет имени И.П. Шамякина,МГПУ им.Шамякина,,1,,,,,,,,,,,,,,,,,,,,,,,,,,1,,,,2,Гомельская
Мозырский государственный педагогический университет имени И.П. Шамякина,МГПУ им.Шамякина,,,,,,,,1,,,,,,,,,,,,,,,,,,,,,,,,2,
Мозырский государственный педагогический университет имени И.П. Шамякина,МГПУ им.Шамякина,,,,,,,,,,,,,1,,,,,,,,,,,,,,,,,,,1,Гомельская
Мозырский государственный педагогический университет имени И.П. Шамякина,МГПУ им.Шамякина,,,,,,,,,,,,,,,,,,1,,,,,,,,,1,,,,,,Гомельская
Мозырский государственный педагогический университет имени И.П. Шамякина,МГПУ им.Шамякина,,,,,,,,1,,,,,,1,,,,1,,,,,,,,,1,,,,,2,Гомельская
Мозырский государственный педагогический университет имени И.П. Шамякина,МГПУ им.Шамякина,,1,,,,,,,,,,,,,,,,1,,,,,,,,,,1,,,,2,
Гродненский государственный аграрный университет,ГГАУ,0,1,1,0,0,0,0,1,0,0,0,0,0,0,0,0,0,0,0,0,1,0,0,0,0,0,0,0,0,1,0,2,Гродненская
Гродненский государственный аграрный университет,ГГАУ,,,,,,,,1,,,,,,,,,,,,,,,,,,,,,,1,,,Гродненская
Гродненский государственный аграрный университет,ГГАУ,,1,1,,,,,,,,,,,,,,,,,,,,,,,,,,,,,2,
Гродненский государственный аграрный университет,ГГАУ,,1,,,,,,,,,,,,,,,,,,,1,,,,,,,,,,,2,
Гродненский государственный аграрный университет,ГГАУ,,,,,,,,,,,,,,,,,,,,,1,,,,,,,,,,,1,Гродненская
Гродненский государственный аграрный университет,ГГАУ,,,,,,,,1,,,,,,,,,,,,,1,,,,,,,,,,,2,Гродненская
Гродненский государственный медицинский университет,ГрГМУ,0,0,0,0,0,0,0,0,0,0,0,0,0,0,1,0,0,0,0,0,0,0,0,0,0,0,0,0,0,0,0,1,Гродненская
Гродненский государственный медицинский университет,ГрГМУ,,1,,,,,,,,,,,,,1,,,,,,,,,,,,,,,,,2,Гродненская
Гродненский государственный медицинский университет,ГрГМУ,,,,,,,,,,,,,,,1,,,,,,,,,,,,,,,,,1,Гродненская
Гродненский государственный медицинский университет,ГрГМУ,,,,,,,,,,,,,,,1,,,,,,,,,,,,,,,,,1,
Гродненский государственный медицинский университет,ГрГМУ,,,,,,,,,,,,,,,1,,,,,,,,,,,,,,1,,,,Гродненская
Гродненский государственный университет имени Янки Купалы,ГГУ им.Купалы,0,1,0,1,0,1,1,1,0,0,1,0,1,1,0,0,0,1,0,0,0,0,0,0,0,0,1,1,0,0,1,1,Гродненская
Гродненский государственный университет имени Янки Купалы,ГГУ им.Купалы,,1,,,,,,,,,,,,,,,,1,,,,,,,,,,1,,,,2,Гродненская
Гродненский государственный университет имени Янки Купалы,ГГУ им.Купалы,,,,,,,,1,,,,,,,,,,,,,,,,,,,1,,,,,,Гродненская
Гродненский государственный университет имени Янки Купалы,ГГУ им.Купалы,,,,,,,,,,,1,,,,,,,,,,,,,,,,,,,,,2,Гродненская
Гродненский государственный университет имени Янки Купалы,ГГУ им.Купалы,,,,,,,,,,,1,,,,,,,1,,,,,,,,,,,,,,1,Гродненская
Гродненский государственный университет имени Янки Купалы,ГГУ им.Купалы,,,,,,,,,,,,,1,,,,,1,,,,,,,,,,,,,,1,
Гродненский государственный университет имени Янки Купалы,ГГУ им.Купалы,,,,,,,,,,,,,,1,,,,,,,,,,,,,1,,,,,1,Гродненская
Гродненский государственный университет имени Янки Купалы,ГГУ им.Купалы,,,,,,,,,,,,,,,,,,1,,,,1,,,,,,,,,1,1,
Гродненский государственный университет имени Янки Купалы,ГГУ им.Купалы,,,,,,1,,,,,,,,,,,,1,,,,,,,,,,,,,,,Гродненская
Гродненский государственный университет имени Янки Купалы,ГГУ им.Купалы,,,,1,,,,1,,,,,,,,,,,,,,,,,,,,,,,,2,Гродненская
Гродненский государственный университет имени Янки Купалы,ГГУ им.Купалы,,,,1,,,,1,,,,,,,,,,1,,,,,,,1,,1,,,,,1,
Гродненский филиал БИП,Гродненский БИП,0,0,0,0,0,0,0,0,0,0,0,0,0,0,0,0,0,0,0,0,0,0,0,0,0,0,0,0,0,0,1,0,Гродненская
Гродненский филиал БИП,Гродненский БИП,,,,,,,,,,,,,,,,,,1,,,,,,,,,,,,,1,,Гродненская
Гродненский филиал БИП,Гродненский БИП,,,,,,,,,,,,,,,,,,,,,,1,,,,,,,,,1,,Гродненская
Гродненский филиал БИП,Гродненский БИП,,,,,,,,,,,,,,,,,,,,,,,,,,,,,,,1,,Гродненская
Академия Министерства внутренних дел Республики Беларусь,Академия МВД,0,0,0,1,0,0,0,0,0,0,0,0,0,0,0,0,0,0,0,0,0,0,0,0,0,0,0,0,0,0,1,2,Минск
Академия Министерства внутренних дел Республики Беларусь,Академия МВД,,,,1,,,,,,,,,,,,,,,,,,,,,,,,,,,,2,
Академия Министерства внутренних дел Республики Беларусь,Академия МВД,,,,1,,,,,,,,,,,,,,,,,,,,,,,,,,,1,2,Минск
Академия Министерства внутренних дел Республики Беларусь,Академия МВД,,,,1,,,,,,,,,,,,,,,,,,,,,,,,,,,,,Минск
Академия Министерства внутренних дел Республики Беларусь,Академия МВД,,,,,,,,,,,,,,,,,,,,,,,,,,,,,,,1,2,
Академия управления при Президенте Республики Беларусь,АУП,0,0,0,0,0,0,0,0,0,0,0,0,0,0,0,0,0,0,0,0,0,0,0,0,0,0,0,0,0,1,1,2,Минск
Академия управления при Президенте Республики Беларусь,АУП,,,,,,,,,,,,,,,,1,,,,,,,,,,,,,,,1,2,
Академия управления при Президенте Республики Беларусь,АУП,,,,,,,,,,,,,,,,,,,,,,,,,,,,,,1,1,,Минск
Академия управления при Президенте Республики Беларусь,АУП,,,,,,,,,,,,,,,,,,,,,,,,,,,,,,1,,2,Минск
Академия управления при Президенте Республики Беларусь,АУП,,,,,,,,,,,,,,,,,,,,,,1,,,,,,,,,1,2,Минск
Белорусская государственная академия авиации,БГАА,1,0,0,1,0,0,0,0,0,0,0,0,0,0,0,0,0,0,0,0,0,0,0,0,0,0,0,0,0,0,0,1,Минск
Белорусская государственная академия авиации,БГАА,1,,,,,,,,,,,,,,,,,,,,,,,,,,,,,,,2,
Белорусская государственная академия авиации,БГАА,1,,,1,,,,,,,,,,,,,,,,,,,,,,,,,,,,,Минск
Белорусская государственная академия авиации,БГАА,,,,1,,,,,,,,,,,,,,,,,,,,,,,,,,,,1,Минск
Белорусская государственная академия искусств,БГАИ,0,0,0,0,0,0,0,0,0,1,0,0,0,0,0,0,0,0,0,0,0,0,0,0,0,0,0,0,0,0,0,1,Минск
Белорусская государственная академия искусств,БГАИ,,,,,,,,,,1,,,,,,,,,,,,,,,,,,,,,,,Минск
Белорусская государственная академия искусств,БГАИ,,,,,,,,,,1,,,,,,,,,,,,,,,,,,,,,,2,Минск
Белорусская государственная академия искусств,БГАИ,,,,,,,,,,1,,,,,,,,,,,,,,,,,,,,,,1,
Белорусская государственная академия музыки,БГАМ,0,0,0,0,0,0,0,0,0,0,0,0,0,0,0,0,1,0,0,0,0,0,0,0,0,0,0,0,0,0,0,2,Минск
Белорусская государственная академия музыки,БГАМ,,,,,,,,,,,,,,,,,1,,,,,,,,,,,,,,,2,Минск
Белорусская государственная академия музыки,БГАМ,,,,,,,,,,,,,,,,,1,,,,,,,,,,,,,,,,Минск
Белорусская государственная академия музыки,БГАМ,,,,,,,,,,,,,,,,,1,,,,,,,,,,,,,,,2,
Белорусская государственная академия связи,БГАС,0,0,0,0,0,0,0,1,0,0,0,0,0,0,0,0,0,0,0,1,0,0,0,0,0,0,0,0,0,0,0,2,Минск
Белорусская государственная академия связи,БГАС,,,,,,,,1,,,,,,,,,,,,1,,,,,,,,,,,,2,
Белорусская государственная академия связи,БГАС,,,,,,,,1,,,,,,,,,,,,,,,,,,,,,,,,1,Минск
Белорусская государственная академия связи,БГАС,,,,,,,,,,,,,,,,,,,,1,,,,,,,,,,,,2,Минск
Белорусская государственная академия связи,БГАС,,,,,,,,1,,,,,,,,,,,,,,,,,,,,,,,,,Минск
Белорусский государственный аграрный технический университет,БГАТУ,0,0,0,0,0,0,0,1,0,0,0,0,0,0,0,0,0,0,0,0,1,0,0,0,0,0,0,0,0,1,0,1,Минск
Белорусский государственный аграрный технический университет,БГАТУ,,,,,,,,1,,,,,,,,,,,,,1,,,,,,,,,,,2,Минск
Белорусский государственный аграрный технический университет,БГАТУ,,,,,,,,,,,,,,,,,,,,,,,,,,,,,,1,,1,Минск
Белорусский государственный аграрный технический университет,БГАТУ,,,,,,,,,,,,,,,,,,,,,1,,,,,,,,,,,,Минск
Белорусский государственный аграрный технический университет,БГАТУ,,,,,,,,1,,,,,,,,,,,,,,,,,,,,,,1,,1,
Белорусский государственный аграрный технический университет,БГАТУ,,1,,,,,,,,,,,,,,,,,,,1,,,,,,,,,,,,Минск
Белорусский государственный медицинский университет,БГМУ,0,0,0,0,0,0,0,0,0,0,0,0,0,0,1,0,0,0,0,0,0,0,0,0,0,0,0,0,1,0,0,1,Минск
Белорусский государственный медицинский университет,БГМУ,,,,,,,,,,,,,,,1,,,,,,,,,,,,,,,,,,Минск
Белорусский государственный медицинский университет,БГМУ,,,,,,,,,,,,,,,1,,,,,,,,,,,,,,1,,,1,Минск
Белорусский государственный медицинский университет,БГМУ,,1,,,,,,,,,,,,,1,,,,,,,,,,,,,,,,,2,Минск
Белорусский государственный медицинский университет,БГМУ,,1,,,,,,,,,,,,,1,,,,,,,,,,,,,,,,,,Минск
Белорусский государственный медицинский университет,БГМУ,,,,,,,,,,,,,,,1,,,,,,,,,,,,,,,,,1,
Белорусский государственный медицинский университет,БГМУ,,,,,,,,,,,,,,,1,,,,,,,,,,,,,,1,,,1,Минск
Белорусский государственный педагогический университет им. Максима Танка,БГПУ им.Танка,0,1,0,0,0,0,0,0,0,0,1,0,1,1,0,0,0,1,1,0,0,1,0,0,0,0,1,0,1,0,0,1,Минск
Белорусский государственный педагогический университет им. Максима Танка,БГПУ им.Танка,,,,,,,,,,,,,,,,,,1,1,,,,,,,,,,,,,1,Минск
Белорусский государственный педагогический университет им. Максима Танка,БГПУ им.Танка,,1,,,,,,,,,,,,,,,,1,,,,,,,,,,,1,,,1,Минск
Белорусский государственный педагогический университет им. Максима Танка,БГПУ им.Танка,,1,,,,,,,,,,,,,,,,1,,,,,,,,,,,,,,,Минск
Белорусский государственный педагогический университет им. Максима Танка,БГПУ им.Танка,,,,,,,,,1,,,,,,,,,1,,,,,,,,,,,,,,2,Минск
Белорусский государственный педагогический университет им. Максима Танка,БГПУ им.Танка,,,,,,,,,,,1,,,,,,,,,,,,,,,,,,,,,,Минск
Белорусский государственный педагогический университет им. Максима Танка,БГПУ им.Танка,,,,,,,,,,,,,,1,,,,1,,,,,,,,,,,,,,1,
Белорусский государственный педагогический университет им. Максима Танка,БГПУ им.Танка,,,,,,,,,,,,,1,,,,,1,1,,,,,,,,,,,,,2,Минск
Белорусский государственный педагогический университет им. Максима Танка,БГПУ им.Танка,,,,,,,,,,,,,,1,,,,1,,,,,,,,,,,,,,,Минск
Белорусский государственный педагогический университет им. Максима Танка,БГПУ им.Танка,,,,,,,,,,,,,,,,,,1,,,,,,,,,1,,,,,,Минск
Белорусский государственный педагогический университет им. Максима Танка,,,,,,,,,,,,,,,1,,,,,,,,,,,,,1,,,,,,
Белорусский государственный педагогический университет им. Максима Танка,,,,,,,,,,,,,,,,,,,1,1,,,1,,,,,,,,,,2,
Белорусский государственный педагогический университет им. Максима Танка,,,,,,,,,,,,,,,,,,,1,,,,,,,,,,,1,,,1,Минск
Белорусский государственный университет культуры и искусств,БГАКИ,0,0,0,0,0,0,0,0,0,1,0,0,0,0,0,0,0,0,0,0,0,0,0,0,0,0,0,0,0,0,0,1,Минск
Белорусский государственный университет культуры и искусств,БГАКИ,,,,,,,,,,1,,,,,,,,,,,,,,,,,,,,,,,Минск
Белорусский государственный университет культуры и искусств,БГАКИ,,,,,,,,,,1,,,,,,,,,,,,,,,,,,,,,,,Минск
Белорусский государственный университет культуры и искусств,БГАКИ,,,,,,,,,,1,,,,,,,,,,,,,,,,,,,,,,1,Минск
Белорусский государственный университет физической культуры,БГУФК,0,0,0,0,0,0,0,0,0,0,0,0,0,0,0,0,0,0,0,0,0,0,0,0,0,0,0,1,0,0,0,1,Минск
Белорусский государственный университет физической культуры,БГУФК,,,,,,,,,,,,,,,,,,,,,,,,,,,,1,,,,,Минск
Белорусский государственный университет физической культуры,БГУФК,,,,,,,,,,,,,,,,,,,,,,,,,,,,1,,,,1,Минск
Белорусский государственный университет физической культуры,БГУФК,,,,,,,,,,,,,,,,,,,,,,,,,,,,1,,,,,Минск
Белорусский государственный экономический университет,БГЭУ,0,0,0,0,0,0,0,0,0,0,0,0,0,0,0,0,0,0,0,0,0,0,0,0,0,0,0,0,0,1,0,1,Минск
Белорусский государственный экономический университет,БГЭУ,,,,,,,,,,,,,,1,,,,,,,,,,,,,,,,1,,,Минск
Белорусский государственный экономический университет,БГЭУ,,,,,,,,,,,,,,1,,,,,,,,,,,,,1,,,1,,2,Минск
Белорусский государственный экономический университет,БГЭУ,,,,,,,,,1,,,,,,,,,,,,,,,,,,,,,1,,,
Белорусский государственный экономический университет,БГЭУ,,,,,,,,,,,,,,,,,,,,,,,,,,,,,,1,,,Минск
Белорусский государственный экономический университет,БГЭУ,,,,,,,,,,,,,,1,,,,,,,,,,,,,,,,,,1,Минск
Белорусский государственный экономический университет,БГЭУ,,,,,,,,,,,,,,,,,,,,,,,,,,,,,,1,,2,
Белорусский государственный экономический университет,БГЭУ,,,,,,,,,,,,,,1,,,,,,,,,,,,,,,,1,,1,Минск
Белорусский государственный экономический университет,БГЭУ,,,,,,,,,1,,,,,,,,,,,,,,,,,,,,,1,,2,Минск
Белорусский государственный технологический университет,БГТУ,0,0,0,0,0,1,0,1,1,0,0,1,0,0,0,0,0,0,0,0,0,0,0,0,1,0,0,0,1,0,0,1,Минск
Белорусский государственный технологический университет,БГТУ,,,,,,1,,,1,,,,,,,,,,,,,,,,,,,,,,,2,Минск
Белорусский государственный технологический университет,БГТУ,,,,,,,,,,,,,,,,,,,,,,,,,1,,,,1,,,,Минск
Белорусский государственный технологический университет,БГТУ,,,,,,1,,,1,,,,,,,,,,,,,,,,,,,,,,,,
Белорусский государственный технологический университет,БГТУ,,,,,,,,1,,,,,,,,,,,,,,,,,1,,,,,,,1,Минск
Белорусский государственный технологический университет,БГТУ,,,,,,,,,,,,,,,,,,,,,,,,,1,,,,1,,,2,Минск
Белорусский государственный технологический университет,БГТУ,,,,,,1,,1,1,,,,,,,,,,,,,,,,,,,,,,,,Минск
Белорусский государственный технологический университет,БГТУ,,1,,,,,,,,,,1,,,,,,,,,,,,,,,,,,,,1,
Белорусский государственный технологический университет,БГТУ,,,,,,,,,,,,1,,,,,,,,,,,,,,,,,1,,,1,Минск
Белорусский государственный университет информатики и радиоэлектроники,БГУИР,0,0,0,1,0,0,0,0,1,0,0,0,0,0,0,0,0,0,0,1,0,0,0,1,0,0,0,0,0,1,0,1,Минск
Белорусский государственный университет информатики и радиоэлектроники,БГУИР,,,,,,,,,1,,,,,,,,,,,,,,,,,,,,,1,,1,Минск
Белорусский государственный университет информатики и радиоэлектроники,БГУИР,,,,1,,,,,1,,,,,,,,,,,,,,,,,,,,,,,2,Минск
Белорусский государственный университет информатики и радиоэлектроники,БГУИР,,,,,,,,,1,,,,,1,,,,1,,,,,,,,,,,,1,,,Минск
Белорусский государственный университет информатики и радиоэлектроники,БГУИР,,,,,,,,,1,,,,,1,,,,,,1,,,,1,,,,,,,,1,
Белорусский государственный университет информатики и радиоэлектроники,БГУИР,,,,,,,,,1,,,,,,,,,,,,,,,,,,,,,,,1,Минск
Белорусский государственный университет информатики и радиоэлектроники,БГУИР,,,,,,,,,,,,,,,,,,,,,,,,,,,1,,,,,1,Минск
Белорусский государственный университет информатики и радиоэлектроники,БГУИР,,,,,,,,,1,,,,,,,,,,,,,,,,,,,,,1,,,Минск
Белорусский государственный университет информатики и радиоэлектроники,БГУИР,,,,,,,,,1,,,,,,,,,1,,,,,,,,,,,,,,1,
Белорусский государственный университет информатики и радиоэлектроники,БГУИР,,,,1,,,,,1,,,,,1,,,,,,,,,,,,,,,,,,,Минск
Белорусский государственный университет информатики и радиоэлектроники,БГУИР,,,,1,,,,,1,,,,,,,,,,,1,,,,,,,,,,,,1,Минск
Белорусский государственный университет информатики и радиоэлектроники,БГУИР,,,,,,,,,1,,,,,,,,,,,,,,,,,,,,,,,2,
Белорусский государственный университет информатики и радиоэлектроники,БГУИР,,,,,,,,,1,,,,,1,,,,,,,,,,,,,,,,,,,Минск
Белорусский государственный университет информатики и радиоэлектроники,БГУИР,,,,1,,,,,1,,,,,,,,,,,,,,,,,,,,,,,,Минск
Белорусский государственный университет информатики и радиоэлектроники,БГУИР,,,,,,,,,1,,,,,,,,,,,,,,,,,,,,,1,,1,Минск
Белорусский государственный университет информатики и радиоэлектроники,БГУИР,,,,1,,,,,,,,,,,,,,,,1,,,,1,,,,,,1,,2,Минск
Белорусский государственный университет информатики и радиоэлектроники,БГУИР,,,,,,,,,1,,,,,,,,,,,,,,,,,,,,,1,,1,Минск
Белорусский государственный университет информатики и радиоэлектроники,БГУИР,,,,1,,,,,1,,,,,,,,,,,,,,,,,,1,,,,,2,Минск
Белорусский государственный университет информатики и радиоэлектроники,БГУИР,,,,,,,,,,,,,,,,,,,,,,,,,,,,,,,,1,Минск
Белорусский государственный университет информатики и радиоэлектроники,БГУИР,,,,,,,,,1,,,,,,,,,1,,,,,,,,,,,,,,1,
Белорусский государственный университет информатики и радиоэлектроники,БГУИР,,,,,,,,,1,,,,,,,,,,,,,,,,,,,,,,,,
Белорусский государственный университет информатики и радиоэлектроники,БГУИР,,,,,,,,,,,,,,1,,,,,,,,,,,,,1,,,,,1,Минск
Белорусский государственный университет информатики и радиоэлектроники,БГУИР,,,,,,,,,1,,,,,,,,,,,,,,,,,,,,,1,,1,Минск
Белорусский государственный университет,БГУ,0,1,0,1,1,0,1,0,1,0,1,0,1,1,0,1,0,0,0,0,0,1,1,0,0,0,1,0,1,1,1,1,Минск
Белорусский государственный университет,БГУ,,1,,,,,,,,,,,,,,,,1,,,,,,,,,,,,,,,Минск
Белорусский государственный университет,БГУ,,1,,,,,,,,,,,,,,,,,,,,,,,,,,,1,,,1,Минск
Белорусский государственный университет,БГУ,,,,,,,,,,,,,,,,,,,,,,,,,,,,,1,,,,Минск
Белорусский государственный университет,БГУ,,,,,,,,,1,,,,,,,,,,,,,,,1,,,1,,,,,,Минск
Белорусский государственный университет,БГУ,,,,1,,,,1,1,,,,,1,,,,,,,,,,,,,,,,,,1,
Белорусский государственный университет,БГУ,,,,,,,,,1,,,,,1,,,,,,,,,,,,,,,,,,2,Минск
Белорусский государственный университет,БГУ,,,,,,,,,,,1,,,,,,,,,,,1,,1,,,,,,,,,Минск
Белорусский государственный университет,БГУ,,,,,,,,,1,,,,,1,,,,,,,,,,,,,,,,1,,1,Минск
Белорусский государственный университет,БГУ,,,,,,,,,1,,,,,,1,,,,,,,,,,,,,,,1,,2,Минск
Белорусский государственный университет,БГУ,,,,,,,1,,,,,,,,,,,,,,,1,,,,,,,,,,,Минск
Белорусский государственный университет,БГУ,,,,,,,,,,,,,,,,,,,,,,,1,,,,,,,,,,Минск
Белорусский государственный университет,БГУ,,,,,,,,,,,,,1,,,,,,1,,,1,,,,,,,,,,1,Минск
Белорусский государственный университет,БГУ,,,,,1,,,,,,,,,,,,,,,,,,,,,,,,,,,1,Минск
Белорусский государственный университет,БГУ,,1,,,,,,,,,,,,,,,,,,,,,,,,,,,,,,2,Минск
Белорусский государственный университет,БГУ,,,,,,,,,,,,,,,,,,,,,,1,1,,,,,,,,,1,Минск
Белорусский государственный университет,БГУ,,,,,,,1,,,,,,1,,,,,,,,,,,,,,,,,,,,Минск
Белорусский государственный университет,БГУ,,,,,,,,,,,,,,,1,,,,,,,,,,,,,,1,,,1,Минск
Белорусский государственный университет,БГУ,,,,,,,,,,,1,,,,,,,,,,,1,,,,,,,,,,1,
Белорусский государственный университет,БГУ,,,,,,,,,,,,,,,,,,,,,,1,,,,,,,,,1,,Минск
Белорусский государственный университет,БГУ,,,,,,,1,,,,,,,,,,,1,,,,,,,,,,,,,1,,Минск
Белорусский государственный университет,БГУ,,,,,,,,,,,,,,,,,,,,,,,1,,,,,,,,,2,
Белорусский государственный университет,БГУ,,,,,1,,,,,,,,,,,,,,,,,,,,,,,,,,,2,Минск
Белорусский государственный университет,БГУ,,,,,1,,,,,,,,,,,,,1,,,,,,,,,,,,,,1,Минск
Белорусский государственный университет,,,,,,,,1,,,,,,,,,1,,,,,,,,,,,,,,,,,
Белорусский государственный университет,,,,,1,,,,1,,,,,,1,,,,,,,,,,,,,,,,,,2,
Белорусский государственный университет,,,,,,,,,,,,,,,,,,,1,,,,,,,,,1,,,,,,Минск
Белорусский государственный университет,,,,,,,,,,1,,,,,,,,,,,,,,,,,,1,,,,,,Минск
Белорусский государственный университет,,,,,,,,,,,,,,,,,,,,,,,,,,,,,,,,1,,Минск
Белорусский государственный университет,,,,,,,,,,,,,,1,,,,,1,,,,,,,,,,,,,,1,Минск
Белорусский государственный университет,,,,,,,,,,,,,,1,,,,,,,,,,,,,,,,,,,2,Минск
Белорусский государственный университет,,,,,,,,,,,,,,,,,1,,,,,,,,,,,,,,,1,,
Белорусский национальный технический университет,БНТУ,0,0,0,1,0,0,0,1,0,0,0,0,0,0,0,0,0,0,0,0,0,0,0,1,0,0,0,0,0,1,0,1,Минск
Белорусский национальный технический университет,БНТУ,,,,,,,,,1,,,,,,,,,,,,,,,,,,,,,1,,1,Минск
Белорусский национальный технический университет,БНТУ,,,,1,,,,,,,,,,,,,,,,,,,,1,,,,,,,,,Минск
Белорусский национальный технический университет,БНТУ,,,,,,,,,,,,,,,,,,1,,,,,,1,,,1,,,,,2,Минск
Белорусский национальный технический университет,БНТУ,,,,,,,,1,,,,,,,,,,,,,,,,,,,,,,,,,Минск
Белорусский национальный технический университет,БНТУ,,,,1,,,,1,,,,,,,,,,,,,,,,,,,,,,,,1,
Белорусский национальный технический университет,БНТУ,,,,,,,,1,,,,,,,,,,,,,,,,1,,,,,,1,,,Минск
Белорусский национальный технический университет,БНТУ,,,,,,,,,,,,,,1,,,,,,,,,,,,,,,,1,,,Минск
Белорусский национальный технический университет,БНТУ,,,,,,,,,,,,,,,,,,,,,,,,1,1,,,,,,,1,Минск
Белорусский национальный технический университет,БНТУ,,,,,,,,1,1,,,,,,,,,,,,,,,,,,,,,,,2,Минск
Белорусский национальный технический университет,БНТУ,,,,1,,,,,,,,,,,,,,,,,,,,1,,,,,,,,,Минск
Белорусский национальный технический университет,БНТУ,,,,,,,,1,,,,,,,,,,,,,,,,,,,,,,,,1,
Военная академия Республики Беларусь,Военная Академия,0,0,0,1,0,0,0,0,0,0,0,0,0,0,0,0,0,0,0,0,0,0,0,0,0,0,0,0,0,0,0,2,Минск
Военная академия Республики Беларусь,Военная Академия,,,,1,,,,,,,,,,,,,,,,,,,,,,,,,,,,2,Минск
Военная академия Республики Беларусь,Военная Академия,,,,1,,,,1,,,,,,,,,,,,,,,,,,,,,,,,,Минск
Военная академия Республики Беларусь,Военная Академия,,,,1,,,,,,,,,,,,,,,,,,,,,,,,,,,,2,Минск
Государственное учреждение образования «Институт пограничной службы Республики Беларусь»,Институт програничной службы,0,0,0,1,0,0,0,0,0,0,0,0,0,0,0,0,0,0,0,0,0,0,0,0,0,0,0,0,0,0,0,2,Минск
Государственное учреждение образования «Институт пограничной службы Республики Беларусь»,Институт програничной службы,,,,,,,,,,,,,,,,,,,,1,,,,,,,,,,,,2,Минск
Государственное учреждение образования «Институт пограничной службы Республики Беларусь»,Институт програничной службы,,,,,,,,,,,,,,,,,,,,,,,,,,,,1,,,,2,Минск
Государственное учреждение образования «Институт пограничной службы Республики Беларусь»,Институт програничной службы,,,,,,,,,,,,,,,,,,,,,,,,,,,,,,,,2,Минск
ГУО «Институт бизнеса БГУ»,Институт бизнеса БГУ,0,0,0,0,0,0,0,0,0,0,0,0,0,0,0,0,0,0,0,0,0,0,0,0,0,0,0,0,0,1,0,1,Минск
ГУО «Институт бизнеса БГУ»,Институт бизнеса БГУ,,,,,,,,,,,,,,,,,,,,,,,,,,,,,,1,,1,Минск
ГУО «Институт бизнеса БГУ»,Институт бизнеса БГУ,,,,,,,,,,,,,,,,,,,,,,,,,,,,,,1,,,Минск
ГУО «Институт бизнеса БГУ»,Институт бизнеса БГУ,,,,,,,,,,,,,,,,,,,,,,,,,,,,,,1,,,Минск
Институт менеджмента спорта и туризма,ИМСиТ,0,0,0,0,0,0,0,0,0,0,0,0,0,0,0,0,0,0,0,0,0,0,0,0,0,1,0,1,0,0,0,1,Минск
Институт менеджмента спорта и туризма,ИМСиТ,,,,,,,,,,,,,,,,,,,,,,,,,,1,,1,,,,1,Минск
Институт менеджмента спорта и туризма,ИМСиТ,,,,,,,,,,,,,,,,,,,,,,,,,,1,,,,,,1,Минск
Институт менеджмента спорта и туризма,ИМСиТ,,,,,,,,,,,,,,,,,,,,,,,,,,,,1,,,,1,Минск
Международный государственный экологический институт имени А.Д.Сахарова Белорусского государственного университета,Институт им.Сахарова,0,1,0,0,0,0,0,0,0,0,0,0,0,0,1,0,0,0,0,0,0,0,0,0,0,0,0,0,0,0,0,1,Минск
Международный государственный экологический институт имени А.Д.Сахарова Белорусского государственного университета,Институт им.Сахарова,,,,,,,,,,,,,,,1,,,,,,,,,,,,,,,,,,
Международный государственный экологический институт имени А.Д.Сахарова Белорусского государственного университета,Институт им.Сахарова,,1,,,,,,,,,,,,,,,,,,,,,,,,,,,,,,,
Международный государственный экологический институт имени А.Д.Сахарова Белорусского государственного университета,Институт им.Сахарова,,1,,,,,,,,,,,,,1,,,,,,,,,,,,,,,,,,
Международный государственный экологический институт имени А.Д.Сахарова Белорусского государственного университета,Институт им.Сахарова,,1,,,,,,,,,,,,,,,,1,,,,,,,,,,,,,,,
"Международный университет ""МИТСО""",МИТСО,0,0,0,0,0,0,0,0,0,0,0,0,0,0,0,0,0,0,0,0,0,0,0,0,0,0,0,0,0,1,1,0,Минск
"Международный университет ""МИТСО""",МИТСО,,,,,,,,,,,,,,,,,,,,,,,,,,,,,,1,,,Минск
"Международный университет ""МИТСО""",МИТСО,,,,,,,,,,,,,,,,,,,,,,,,,,,,,,,1,,Минск
"Международный университет ""МИТСО""",МИТСО,,,,,,,,,,,,,,,,,,,,,,,,,,,,,,,1,,Минск
Минский государственный лингвистический университет,МГЛУ,0,0,0,0,0,0,0,0,0,0,0,0,1,0,0,0,0,1,0,0,0,0,0,0,0,0,0,0,0,0,0,2,Минск
Минский государственный лингвистический университет,МГЛУ,,,,,,,1,,,,,,1,,,,,,,,,,,,,,,,,,,2,Минск
Минский государственный лингвистический университет,МГЛУ,,,,,,,,,,,,,1,,,,,1,,,,,,,,,,,,,,,Минск
Минский государственный лингвистический университет,МГЛУ,,,,,,,,,,,,,1,,,,,,,,,,,,,,,,,,,2,
Минский государственный лингвистический университет,МГЛУ,,,,,,,,,,,,,1,,,,,,,,,,,,,,,,,,,,Минск
Минский государственный лингвистический университет,МГЛУ,,,,,,,,,,,,,1,,,,,1,,,,,,,,,,,,,,1,Минск
Минский государственный лингвистический университет,МГЛУ,,,,,,,1,,,,,,1,,,,,,1,,,,,,,,,,,,,2,Минск
Минский государственный лингвистический университет,МГЛУ,,,,,,,,,,,,,1,,,,,,,,,,,,,,,,,,,1,
Университет гражданской защиты Министерства по чрезвычайным ситуациям Республики Беларусь,УГЗ МЧС,0,0,0,1,0,0,0,1,0,0,0,0,0,0,0,0,0,0,0,0,0,0,0,0,0,0,0,0,0,0,0,2,Минск
Университет гражданской защиты Министерства по чрезвычайным ситуациям Республики Беларусь,УГЗ МЧС,,,,,,,,1,,,,,,,,,,,,,,,,,,,,,,,,,Минск
Университет гражданской защиты Министерства по чрезвычайным ситуациям Республики Беларусь,УГЗ МЧС,,,,1,,,,1,,,,,,,,,,,,,,,,,,,,,,,,2,Минск
Университет гражданской защиты Министерства по чрезвычайным ситуациям Республики Беларусь,УГЗ МЧС,,,,1,,,,1,,,,,,,,,,,,,,,,,,,,,,,,2,Минск
Учреждение образования «БИП — Университет права и социально-информационных технологий»,БИП,0,0,0,0,0,0,0,0,0,0,0,0,0,0,0,0,0,0,0,0,0,0,0,0,0,0,0,0,0,1,1,0,Минск
Учреждение образования «БИП — Университет права и социально-информационных технологий»,БИП,,,,,,,,,,,,,,,,,,,,,,1,,,,,,,,,1,,Минск
Учреждение образования «БИП — Университет права и социально-информационных технологий»,БИП,,,,,,,,,,,,,,,,,,,,,,,,,,,,,,,1,,Минск
Учреждение образования «БИП — Университет права и социально-информационных технологий»,БИП,,,,,,,,,,,,,,,,,,,,,,,,,,,,,,1,,,Минск
Филиал БНТУ г. Солигорск,Филиал БНТУ,0,0,0,0,0,0,0,1,0,0,0,0,0,0,0,0,0,0,0,0,0,0,0,0,0,0,0,0,0,0,0,1,Минская
Филиал БНТУ г. Солигорск,Филиал БНТУ,,,,,,,,1,,,,,,,,,,,,,,,,1,1,,,,,,,,Минская
Филиал БНТУ г. Солигорск,Филиал БНТУ,,,,,,,,1,,,,,,,,,,,,,,,,,,,,,,,,1,
Филиал БНТУ г. Солигорск,Филиал БНТУ,,,,,,,,,,,,,,,,,,,,,,,,1,,,1,,,,,1,Минская
Белорусская государственная орденов Октябрьской Революции и Трудового Красного Знамени сельскохозяйственная академия,БСХА,0,1,0,0,0,0,0,0,0,0,0,0,0,0,0,0,0,0,0,0,1,0,0,1,0,0,0,0,0,1,0,2,Могилёвская
Белорусская государственная орденов Октябрьской Революции и Трудового Красного Знамени сельскохозяйственная академия,БСХА,,,,,,,,,,,,,,,,,,,,,1,,,1,,,,,,,,1,
Белорусская государственная орденов Октябрьской Революции и Трудового Красного Знамени сельскохозяйственная академия,БСХА,,1,,,,,,,,,,,,,,,,,,,1,,,,,,,,,,,2,Могилёвская
Белорусская государственная орденов Октябрьской Революции и Трудового Красного Знамени сельскохозяйственная академия,БСХА,,1,,,,,,,,,,,,,,,,,,,,,,,,,,,1,,,2,Могилевская
Белорусская государственная орденов Октябрьской Революции и Трудового Красного Знамени сельскохозяйственная академия,БСХА,,,,,,,,,,,,,,,,,,,,,,,,1,,,,,,1,,2,
Белорусская государственная орденов Октябрьской Революции и Трудового Красного Знамени сельскохозяйственная академия,БСХА,,,,,,,,,,,,,,,,,,,,,1,,,,,,,,,,,1,Могилевская
Белорусский государственный университет пищевых и химических технологий,БГУПиХТ,0,0,0,0,0,0,0,1,0,0,0,0,0,0,0,0,0,0,0,0,0,0,0,1,0,0,0,0,1,1,0,2,Могилёвская
Белорусский государственный университет пищевых и химических технологий,БГУПиХТ,,,,,,,,1,,,,,,,,,,,,,,,,,,,,,1,,,,Могилёвская
Белорусский государственный университет пищевых и химических технологий,БГУПиХТ,,,,,,,,,,,,,,,,,,,,,,,,1,,,,,1,,,2,Могилёвская
Белорусский государственный университет пищевых и химических технологий,БГУПиХТ,,,,,,,,1,,,,,,,,,,,,,,,,1,,,,,,,,2,Могилёвская
Белорусский государственный университет пищевых и химических технологий,БГУПиХТ,,,,,,,,,,,,,,,,,,,,,,,,,,,,,1,,,1,Могилевская
Белорусский государственный университет пищевых и химических технологий,БГУПиХТ,,,,,,,,,,,,,,,,,,,,,,,,,,,,,,1,,2,
Белорусско-Российский университет,БРУ,0,0,0,0,0,0,0,1,0,0,0,0,0,0,0,0,0,0,0,0,0,0,0,1,1,0,0,0,0,1,0,2,Могилёвская
Белорусско-Российский университет,БРУ,,,,,,,,1,,,,,,,,,,,,,,,,,1,,,,,,,2,
Белорусско-Российский университет,БРУ,,,,,,,,,,,,,,,,,,,,,,,,1,1,,,,,,,2,Могилевская
Белорусско-Российский университет,БРУ,,,,,,,,1,,,,,,,,,,,,,,,,,,,,,,1,,1,Могилевская
Белорусско-Российский университет,БРУ,,,,,,,,,,,,,,,,,,,,,,,,1,1,,,,,,,,Могилевская
Могилевский государственный университет имени А. А. Кулешова,МГУ им.Кулешова,0,0,0,0,0,0,0,0,0,1,0,0,1,1,0,0,0,1,1,0,0,0,0,0,0,0,0,1,0,1,1,1,Могилёвская
Могилевский государственный университет имени А. А. Кулешова,МГУ им.Кулешова,,,,,,,,,,,,,,1,,,,,,,,,,,,,,,,1,,1,Могилёвская
Могилевский государственный университет имени А. А. Кулешова,МГУ им.Кулешова,,,,,,,,,,,,,,,,,,,,,,,,,,,,1,,,,,Могилёвская
Могилевский государственный университет имени А. А. Кулешова,МГУ им.Кулешова,,,,,,,,,,,,,,1,,,,,,,,,,1,1,,,,,,,1,Могилёвская
Могилевский государственный университет имени А. А. Кулешова,МГУ им.Кулешова,,,,,,,,,,1,,,,,,,,1,,,,,,,,,,,,,,1,
Могилевский государственный университет имени А. А. Кулешова,МГУ им.Кулешова,,,,,,,,,,,,,1,,,,,1,1,,,,,,,,,,,,,,Могилевская
Могилевский государственный университет имени А. А. Кулешова,МГУ им.Кулешова,,,,,,,,,,,,,,,,,,1,1,,,,,,,,,,,,1,2,
Могилевский институт Министерства внутренних дел Республики Беларусь,Институт МВД,0,0,0,1,0,0,0,0,0,0,0,0,0,0,0,0,0,0,0,0,0,0,0,0,0,0,0,0,0,0,0,2,Могилёвская
Могилевский институт Министерства внутренних дел Республики Беларусь,Институт МВД,,,,1,,,,1,,,,,,,,,,,,,,,,,,,,,,,,2,Могилёвская
Могилевский институт Министерства внутренних дел Республики Беларусь,Институт МВД,,,,1,,,,,,,,,,,,,,,,,,,,,,,,,,,,,Могилёвская
Могилевский институт Министерства внутренних дел Республики Беларусь,Институт МВД,,,,1,,,,,,,,,,,,,,,,,,,,,,,,,,,,2,
Могилевский филиал БИП,Могилевский БИП,0,0,0,0,0,0,0,0,0,0,0,0,0,0,0,0,0,0,0,0,0,0,0,0,0,0,0,0,0,0,1,0,Могилёвская
Могилевский филиал БИП,Могилевский БИП,,,,,,,,1,,,,,,,,,,,,,,,,,,,,,,,1,,Могилёвская
Могилевский филиал БИП,Могилевский БИП,,,,,,,,,,,,,,1,,,,,,,,,,,,,,,,,1,,Могилёвская
Могилевский филиал БИП,Могилевский БИП,,,,,,,,,,,,,,,,,,,,,,,,,,,,,,,1,,Могилёвская